,Property,Room,Nightly Rate,Total Rate,Bedrooms,Company,Bathrooms
0,SnowDog Village,3 Bedroom Penthouse Condo,118000,590000,3,VacationNiseko,2
1,Aspect,5BR Platinum Executive Suite,352800,1764000,5,VacationNiseko,5
2,Chatrium Niseko,3 Bedroom Apartment,300160,1500800,3,VacationNiseko,3
3,Mountainside Palace,2 Bedroom +bunk ,64600,323000,2,VacationNiseko,2
4,Intuition,Intuition - Five Bedroom Ski-side Penthouse with Onsen,843200,4216000,5,VacationNiseko,5
5,Arthouse,2 Bedroom Apartment,73800,369000,2,VacationNiseko,1
0,Kotori Boutique Studio Unit RmF Non-Smoking,"Boutique hotel in Kutchan, Abuta District",29333, 151263 ,,Airbnb,
1,Niseko Adventure: Double Bed & Near Slopes!,"Apartment in Kutchan, Abuta District",23158, 121790 ,,Airbnb,
2,e-kar-kar,"Condo in Kutchan-chō, Abuta-gun",75828, 389141 ,,Airbnb,
3,"Ski & Dream: Niseko 10Min, Mountain Views.","Apartment in Kutchan, Abuta District",23158, 121790 ,,Airbnb,
4,"Mt.Yotei view/with Cafe/Kutchan/2F,2LDK,4people","Home in Kutchan, Abuta District",75000, 384000 ,,Airbnb,
5,SUGI HOUSE B,"Townhouse in Kutchan-chō, Abuta-gun",77445, 409226 ,,Airbnb,
6,Niseko / Rusutsu : Chillax with cats ①Twin room,Room in Abuta District,14835, 74177 ,,Airbnb,
7,Annupuri Lodge 1min from Gondola 2-3p,Room in Niseko-chō,41425, 207124 ,,Airbnb,
8,"<Newly built in 2022> Private Room, Private Bath","Room in Kutchan, Abuta District",42640, 217700 ,,Airbnb,
9,Sweet Wasabi Niseko,Home in 虻田郡ニセコ町,74600, 388000 ,,Airbnb,
10,guest house NAGOMI 6 tatami room,Room in 虻田郡,10156, 50782 ,,Airbnb,
11,*2023/10オープン*　Loves Only You,"Home in Makkari, Abuta District",76800, 399000 ,,Airbnb,
12,Yotei no Sato,"Cabin in Kutchan, Abuta District",128094, 650471 ,,Airbnb,
13,二世谷最人气滑雪客栈黄房子内独立双人间，双标准单人床加沙发床最多可住3人,"Bed and breakfast in Kutchan, Abuta District",31040, 155200 ,,Airbnb,
14,Koa Villa by H2 Life,"Villa in Niseko, Abuta District",127200, 636000 ,,Airbnb,
15,Explore the Niseko area to the fullest!,"Apartment in Kutchan, Abuta District",99420, 509900 ,,Airbnb,
16,* 2023/10 Open * Lys Gracieux,"Home in Makkari, Abuta District",79297, 411485 ,,Airbnb,
17,Niseko Retreat! See Mt. Yotei from New Home,"Vacation home in Niseko, Abuta District",44310, 230050 ,,Airbnb,
18,Loft Cabin Niseko,"Cabin in Niseko-chō, Abuta-gun",41096, 192384 ,,Airbnb,
19,Aspenwood 2Bdrm,"Home in Kutchan-chō, Abuta-gun",71091, 242272 ,,Airbnb,
20,"Room with a free car, PLUR homestay in Makkari 04","Room in Makkari, Abuta District",23965, 143788 ,,Airbnb,
21,Moiwa Lodge - private twin room with toilet at the base of mountain - 100m from ski lifts. Ski to your door.,"Boutique hotel in ニセコ町, 虻田郡",38150, 152600 ,,Airbnb,
22,Tahoe Lodge by H2 Life,Home in 虻田郡,98000, 392000 ,,Airbnb,
23,"Room with a free car, PLUR homestay in Makkari 02","Room in Makkari-mura, Abuta-gun",23965, 143788 ,,Airbnb,
24,Niseko Annupuri Royal Chalet,"Home in Niseko, Abuta District",79024, 405118 ,,Airbnb,
25,Niseko hirafu Tsukushi Twin Private -2,"Shared room in Kutchan-cho, Abuta-gun",21883, 109416 ,,Airbnb,
26,"Annupuri Lodge King/Twin Room, 1 min walk to lift","Room in Niseko-chō, Abuta-gun",41425, 207124 ,,Airbnb,
27,Kotori Boutique Studio Unit RmB Non-Smoking,"Boutique hotel in Kutchan, Abuta District",29333, 151263 ,,Airbnb,
28,"Majestic Niseko: Retreat, Close to Hirafu Ski.","Apartment in Kutchan, Abuta District",20340, 107700 ,,Airbnb,
29,Kotori Boutique Studio Unit RmA Non-Smoking,"Boutique hotel in Kutchan, Abuta District",29333, 151263 ,,Airbnb,
30,Kotori Boutique Studio Unit RmH Non-Smoking,"Boutique hotel in Kutchan, Abuta District",29333, 151263 ,,Airbnb,
31,Kotori Boutique Studio Unit RmG Non-Smoking,"Boutique hotel in Kutchan, Abuta District",29333, 151263 ,,Airbnb,
32,"Niseko Delight: Double Bed, Mt View, 10Min Ski!","Apartment in Kutchan, Abuta District",20340, 107700 ,,Airbnb,
33,Kotori Boutique Studio Unit RmE Non-Smoking,"Boutique hotel in Kutchan, Abuta District",29333, 151263 ,,Airbnb,
34,【Long-Term Stay Available】Free parking available.,"Apartment in Kutchan, Abuta District",99420, 509900 ,,Airbnb,
35,Niseko / Rusutsu : Chillax with cats ② Twin room,Place to stay in Abuta District,14835, 74177 ,,Airbnb,
36,※White Season  Long Stay Plan (5 nights or more),Cottage in Niseko,69000, 345000 ,,Airbnb,
37,Tomten Lodge Hirafu Twin Ensuite Rm9 Non-Smoking,"Hotel room in Kutchan, Abuta-gun",31975, 163074 ,,Airbnb,
38,Annupuri Lodge in Niseko 2P King w/ Private Bath,"Room in Niseko, Abuta District",49710, 248548 ,,Airbnb,
39,* 2023/10 Open * Contrail,"Home in Makkari, Abuta District",91200, 476000 ,,Airbnb,
40,Niseko hirafu Tsukushi  Twin private-1,Room in Kutchan-chō,21883, 109416 ,,Airbnb,
41,Hideaway Room B with hot springs flowing from the source spring,"Hut in Rankoshi, Isoya District",57059, 285294 ,,Airbnb,
42,Aspect 3BR Premium Suite by H2 Life,"Condo in Kutchan, Abuta District",176800, 884000 ,,Airbnb,
43,"Niseko Bliss: Quiet New Home, Mt. Yotei View!","Vacation home in Niseko, Abuta District",78540, 406200 ,,Airbnb,
44,"Second Valley's most popular ski guest house, private quadruple room in the Yellow House, with a twin single bed and a standard bunk bed.","Bed and breakfast in Kutchan, Abuta District",170035, 850177 ,,Airbnb,
45,Annupuri Lodge 1min from Gondola 4-5P,Room in Niseko-chō,75634, 378168 ,,Airbnb,
46,Hanazono Chalet with driver,"Chalet in Kutchan, Abuta District",235995, 1179977 ,,Airbnb,
47,Tomten Lodge Hirafu Twin Ensuite Rm6 Non-Smoking,"Hotel room in Kutchan, Abuta-gun",31975, 163074 ,,Airbnb,
48,"Annupuri Lodge 2-3P Private Rm, 1 min walk to lift","Room in Niseko-chō, Abuta-gun",41425, 207124 ,,Airbnb,
49,Niseko Hirafu Tsukushi Private Queen bed Room,Room in Kutchan-chō,25608, 128040 ,,Airbnb,
50,Shared Dorm Room 1min walk to mtn Annupuri Lodge,"Shared room in Abuta-gun, Niseko",30068, 150339 ,,Airbnb,
51,Just 5 minutes by car to the ski resort.,"Apartment in Kutchan, Abuta District",111660, 571100 ,,Airbnb,
52,Annupuri Lodge Bunk Rm 1 min walk from Gondola,Shared room in Niseko-chō,30068, 150339 ,,Airbnb,
53,Annupuri Retro Lodge,"Home in Niseko, Abuta District",73700, 368500 ,,Airbnb,
54,New【RIN Niseko】2BDRM　〜Royal emerald garden 9〜,"Home in Niseko, Abuta District",87921, 461606 ,,Airbnb,
55,Cottage with Sauna Straddie House Niseko,"Home in Niseko, Abuta District",100565, 507824 ,,Airbnb,
56,New【NAGI Niseko】2BDRM　〜Royal emerald garden 7〜,"Home in Niseko, Abuta District",87921, 461606 ,,Airbnb,
57,Cottage w. fireplace/1~4 ppl/1 D bd rm+2 S bd Loft,"Cottage in Niseko, Abuta District",115100, 575500 ,,Airbnb,
58,Annupuri Lodge 1 min from Gondola 5-6P,"Room in Niseko-chō, Abuta-gun",75634, 378168 ,,Airbnb,
59,"Annupuri Lodge Bunk Rm,1 min to mtn","Shared room in Niseko, Abuta District",30068, 150339 ,,Airbnb,
60,The Setsumon,"Place to stay in Kutchan, Abuta District",268177, 1340883 ,,Airbnb,
61,uli villa 2,"Home in Niseko, Abuta District",194000, 970000 ,,Airbnb,
62,Peaceful Modern 6BR Chalet w/ a View,"Chalet in Niseko, Abuta District",530838, 2654190 ,,Airbnb,
